studentId,resourceId,timestamp,rating,comment
S0001,R0035,2023-09-08T01:48:47.411808,3,Neither good nor bad.
S0001,R0034,2023-09-14T11:19:36.190789,3,Helped a little.
S0001,R0055,2023-09-24T05:47:09.437275,3,Covered the basics.
S0001,R0096,2023-09-18T18:24:21.659912,4,Loved this resource.
S0001,R0064,2023-09-22T13:35:03.075875,4,"Really helpful, thanks."
S0001,R0046,2023-09-23T05:00:22.767375,3,Decent overview.
S0001,R0040,2023-09-21T16:37:38.007758,3,It was okay.
S0001,R0118,2023-09-05T00:18:30.048535,3,It was okay.
S0001,R0029,2023-09-13T00:44:52.999963,4,Excellent explanation!
S0001,R0085,2023-09-12T07:04:33.101818,3,Neither good nor bad.
S0001,R0021,2023-09-12T00:44:42.706081,3,Helped a little.
S0001,R0017,2023-09-16T14:36:05.454204,3,Neither good nor bad.
S0001,R0093,2023-09-13T15:20:30.621582,4,Very clear.
S0001,R0053,2023-09-22T00:01:48.859783,3,Neither good nor bad.
S0001,R0073,2023-09-18T03:57:26.538613,4,Loved this resource.
S0002,R0035,2023-09-07T03:18:56.008120,4,Very clear.
S0002,R0088,2023-09-14T15:20:00.808815,5,Excellent explanation!
S0002,R0094,2023-09-22T20:56:46.716092,4,Excellent explanation!
S0002,R0116,2023-09-20T09:56:36.081080,3,Neither good nor bad.
S0002,R0019,2023-09-28T22:45:33.774820,5,Well presented.
S0002,R0070,2023-09-17T16:45:16.282710,4,Very clear.
S0002,R0148,2023-09-21T00:40:03.480562,4,Well presented.
S0002,R0144,2023-09-23T16:42:51.123842,4,Well presented.
S0002,R0036,2023-09-24T20:20:32.348366,4,Loved this resource.
S0002,R0045,2023-09-08T19:58:38.452388,5,Perfect for my mixed style.
S0002,R0057,2023-09-08T18:48:11.860136,3,Helped a little.
S0002,R0114,2023-09-17T12:36:55.269706,3,Neither good nor bad.
S0002,R0102,2023-09-24T03:17:28.753268,4,Very clear.
S0002,R0068,2023-09-21T21:10:19.078379,4,"Really helpful, thanks."
S0002,R0122,2023-09-09T12:47:16.672557,5,Excellent explanation!
S0003,R0021,2023-09-29T21:39:19.796097,4,Loved this resource.
S0003,R0149,2023-09-10T03:37:16.928501,3,Covered the basics.
S0003,R0120,2023-09-16T05:08:50.139239,4,Great content on a topic I enjoy!
S0003,R0102,2023-09-16T11:45:28.879669,4,Great content on a topic I enjoy!
S0003,R0050,2023-09-03T23:24:03.607791,4,Loved this resource.
S0003,R0136,2023-09-28T06:58:48.948062,4,Very clear.
S0003,R0036,2023-09-05T07:50:29.467657,5,"Really helpful, thanks."
S0003,R0132,2023-09-18T06:54:15.423859,4,Well presented.
S0003,R0081,2023-09-09T20:32:40.740167,4,Loved this resource.
S0003,R0010,2023-09-20T03:39:28.740548,4,Very clear.
S0003,R0128,2023-09-14T15:03:32.707402,3,Helped a little.
S0004,R0057,2023-09-03T01:32:28.007041,4,Loved this resource.
S0004,R0118,2023-09-24T07:31:06.072513,4,Perfect for my mixed style.
S0004,R0065,2023-09-27T08:15:15.717125,2,A bit confusing.
S0004,R0074,2023-09-22T17:16:28.468418,3,Helped a little.
S0004,R0083,2023-09-21T07:00:52.721075,3,Decent overview.
S0005,R0145,2023-09-18T12:11:04.898754,3,Decent overview.
S0005,R0001,2023-09-20T11:54:28.737630,5,Great content on a topic I enjoy!
S0005,R0070,2023-09-29T21:52:26.581991,5,"Really helpful, thanks."
S0005,R0067,2023-09-25T20:58:56.041330,4,Excellent explanation!
S0005,R0144,2023-09-14T04:33:31.796592,5,Excellent explanation!
S0005,R0129,2023-09-20T01:43:53.864372,5,Excellent explanation!
S0005,R0035,2023-09-13T19:39:37.818658,4,Great content on a topic I enjoy!
S0005,R0063,2023-09-04T12:30:45.194473,4,Loved this resource.
S0005,R0071,2023-09-03T16:52:24.974731,4,Loved this resource.
S0006,R0070,2023-09-15T18:10:29.720958,3,Decent overview.
S0006,R0066,2023-09-14T05:55:24.186078,4,"Really helpful, thanks."
S0006,R0148,2023-09-26T01:21:45.886904,3,Covered the basics.
S0006,R0139,2023-09-24T19:06:08.760014,3,Decent overview.
S0006,R0008,2023-09-15T04:47:22.852581,4,Perfect for my reading/writing style.
S0006,R0117,2023-09-23T02:57:33.781045,3,Helped a little.
S0007,R0057,2023-09-17T13:58:16.171757,4,"Really helpful, thanks."
S0007,R0106,2023-09-12T04:42:38.922241,3,Neither good nor bad.
S0007,R0149,2023-09-10T15:04:05.930170,4,Well presented.
S0007,R0136,2023-09-21T22:49:15.254361,3,It was okay.
S0007,R0098,2023-09-23T15:56:29.769814,3,Neither good nor bad.
S0007,R0083,2023-09-25T16:49:43.116514,3,It was okay.
S0007,R0081,2023-09-26T07:10:42.888394,4,Loved this resource.
S0007,R0128,2023-09-29T22:12:30.392559,3,Decent overview.
S0007,R0125,2023-09-26T07:18:54.525220,4,Perfect for my mixed style.
S0007,R0058,2023-09-10T09:45:53.165087,4,Excellent explanation!
S0007,R0144,2023-09-16T09:41:30.326754,3,Covered the basics.
S0008,R0141,2023-09-18T23:19:06.299407,3,Neither good nor bad.
S0008,R0125,2023-09-01T06:32:26.204253,4,Perfect for my mixed style.
S0008,R0007,2023-09-29T15:24:20.087539,3,Decent overview.
S0008,R0059,2023-09-25T17:55:17.325219,4,Loved this resource.
S0008,R0036,2023-09-29T08:38:57.700556,4,Excellent explanation!
S0008,R0110,2023-09-29T05:37:39.217844,4,Perfect for my mixed style.
S0008,R0009,2023-09-24T06:08:40.712825,5,Well presented.
S0008,R0134,2023-09-25T07:28:57.480261,5,Perfect for my mixed style.
S0008,R0094,2023-09-22T05:43:20.634549,3,Decent overview.
S0008,R0027,2023-09-26T10:00:59.671108,4,Well presented.
S0008,R0016,2023-09-29T01:17:57.541244,5,Loved this resource.
S0008,R0129,2023-09-25T22:39:28.279590,4,"Really helpful, thanks."
S0008,R0010,2023-09-08T16:03:47.413920,3,It was okay.
S0008,R0106,2023-09-28T06:26:35.364043,4,Perfect for my mixed style.
S0009,R0123,2023-09-10T12:17:32.539722,3,Helped a little.
S0009,R0102,2023-09-27T08:56:01.666845,4,Loved this resource.
S0009,R0042,2023-09-09T19:50:15.902562,2,Found this hard to follow.
S0009,R0130,2023-09-12T06:29:50.994530,3,Covered the basics.
S0009,R0101,2023-09-19T23:49:32.306360,4,Loved this resource.
S0009,R0019,2023-09-01T22:46:13.928344,4,Very clear.
S0010,R0020,2023-09-27T03:34:50.029851,4,Well presented.
S0010,R0017,2023-09-14T04:28:59.838690,5,Great content on a topic I enjoy!
S0010,R0147,2023-09-29T16:13:09.656916,4,"Really helpful, thanks."
S0010,R0024,2023-09-10T12:40:38.817080,5,"Really helpful, thanks."
S0010,R0132,2023-09-08T06:27:19.155322,5,Well presented.
S0010,R0078,2023-09-01T10:59:01.082846,4,Very clear.
S0010,R0090,2023-09-23T13:29:59.493706,3,Neither good nor bad.
S0010,R0131,2023-09-16T02:55:48.163585,4,Great content on a topic I enjoy!
S0010,R0040,2023-09-15T05:13:37.640944,5,Excellent explanation!
S0010,R0067,2023-09-19T08:37:17.040409,3,Helped a little.
S0011,R0010,2023-09-13T11:25:07.430784,3,Helped a little.
S0011,R0146,2023-09-10T19:53:47.064153,4,Loved this resource.
S0011,R0104,2023-09-20T22:01:38.786466,4,"Really helpful, thanks."
S0011,R0015,2023-09-17T03:14:02.515158,3,Covered the basics.
S0011,R0063,2023-09-26T04:11:31.688206,3,Neither good nor bad.
S0011,R0126,2023-09-20T01:05:18.480767,3,Covered the basics.
S0011,R0076,2023-09-07T13:24:24.226748,5,Well presented.
S0011,R0060,2023-09-06T05:34:10.509905,5,Excellent explanation!
S0011,R0111,2023-09-03T00:25:53.231480,3,Neither good nor bad.
S0011,R0048,2023-09-14T03:44:14.893110,3,Neither good nor bad.
S0011,R0091,2023-09-05T12:17:01.005970,4,Excellent explanation!
S0011,R0094,2023-09-13T00:16:18.773639,4,Loved this resource.
S0012,R0140,2023-09-15T02:41:47.026829,3,Helped a little.
S0012,R0031,2023-09-01T05:21:00.762431,3,It was okay.
S0012,R0109,2023-09-10T12:22:23.375038,4,Very clear.
S0012,R0056,2023-09-16T10:40:38.330817,3,Neither good nor bad.
S0012,R0095,2023-09-03T02:09:52.364261,4,Very clear.
S0012,R0017,2023-09-17T16:43:42.153142,3,Decent overview.
S0013,R0010,2023-09-01T14:30:58.194292,3,Neither good nor bad.
S0013,R0070,2023-09-27T16:09:35.089963,4,Perfect for my kinaesthetic style.
S0013,R0145,2023-09-12T14:42:47.059762,4,Well presented.
S0013,R0128,2023-09-10T15:48:56.740519,4,"Really helpful, thanks."
S0013,R0051,2023-09-06T14:57:25.126422,3,Helped a little.
S0013,R0097,2023-09-07T20:26:35.227921,4,"Really helpful, thanks."
S0013,R0027,2023-09-06T03:17:37.340690,3,It was okay.
S0013,R0046,2023-09-20T18:04:08.043266,4,Loved this resource.
S0013,R0059,2023-09-10T04:01:57.614036,4,Perfect for my kinaesthetic style.
S0013,R0129,2023-09-18T03:37:41.342716,3,Decent overview.
S0013,R0081,2023-09-02T15:35:43.711370,3,It was okay.
S0013,R0023,2023-09-18T20:02:45.018014,4,Excellent explanation!
S0013,R0064,2023-09-14T01:00:52.767868,3,It was okay.
S0013,R0021,2023-09-05T08:59:57.513769,3,Helped a little.
S0014,R0090,2023-09-13T16:40:47.132109,4,Great content on a topic I enjoy!
S0014,R0080,2023-09-20T16:30:46.128634,5,Very clear.
S0014,R0130,2023-09-21T23:43:07.045974,4,Very clear.
S0014,R0010,2023-09-20T05:52:26.492809,4,Well presented.
S0014,R0119,2023-09-09T23:28:08.377109,3,It was okay.
S0015,R0124,2023-09-27T11:03:49.672364,5,Great content on a topic I enjoy!
S0015,R0036,2023-09-10T21:50:44.563962,4,"Really helpful, thanks."
S0015,R0047,2023-09-15T17:21:07.344203,4,Excellent explanation!
S0015,R0133,2023-09-11T22:11:49.308333,5,Well presented.
S0015,R0146,2023-09-07T21:19:15.672745,4,Great content on a topic I enjoy!
S0015,R0063,2023-09-27T05:09:58.101637,4,Loved this resource.
S0015,R0068,2023-09-13T03:23:16.567454,4,Well presented.
S0015,R0004,2023-09-17T01:57:37.291735,4,Very clear.
S0015,R0123,2023-09-05T06:33:16.792453,4,Well presented.
S0015,R0019,2023-09-15T13:23:49.026575,5,Loved this resource.
S0015,R0111,2023-09-23T22:48:03.325275,3,Decent overview.
S0016,R0079,2023-09-01T13:13:36.134033,5,Excellent explanation!
S0016,R0126,2023-09-07T21:23:51.351872,5,Very clear.
S0016,R0062,2023-09-18T07:19:49.345687,4,Loved this resource.
S0016,R0063,2023-09-11T05:33:35.868887,3,Helped a little.
S0016,R0023,2023-09-15T17:06:00.276550,5,Well presented.
S0016,R0138,2023-09-29T10:48:12.377145,3,Neither good nor bad.
S0016,R0087,2023-09-04T00:09:00.186407,5,Great content on a topic I enjoy!
S0017,R0111,2023-09-24T14:12:07.813537,3,Decent overview.
S0017,R0121,2023-09-24T12:48:08.591637,4,"Really helpful, thanks."
S0017,R0063,2023-09-06T20:18:26.391652,4,Very clear.
S0017,R0070,2023-09-15T22:42:25.121236,4,Very clear.
S0017,R0081,2023-09-09T07:07:59.459894,3,Covered the basics.
S0017,R0114,2023-09-24T04:20:32.346300,4,Excellent explanation!
S0017,R0064,2023-09-10T19:58:10.176139,4,Loved this resource.
S0017,R0100,2023-09-08T17:38:15.375402,3,Helped a little.
S0017,R0094,2023-09-16T19:39:00.649987,3,Covered the basics.
S0017,R0130,2023-09-13T22:21:26.536022,3,Decent overview.
S0017,R0126,2023-09-02T05:28:45.096037,3,Neither good nor bad.
S0017,R0097,2023-09-03T04:13:43.142994,3,It was okay.
S0017,R0127,2023-09-28T15:08:29.111318,3,Covered the basics.
S0017,R0131,2023-09-04T15:51:21.948892,4,Excellent explanation!
S0018,R0096,2023-09-05T10:47:34.662197,3,Helped a little.
S0018,R0118,2023-09-04T23:50:08.862175,3,Helped a little.
S0018,R0064,2023-09-01T18:02:08.466869,3,It was okay.
S0018,R0101,2023-09-08T14:11:47.640858,4,Excellent explanation!
S0018,R0090,2023-09-21T03:00:37.894192,4,Very clear.
S0018,R0058,2023-09-06T00:10:07.785598,3,Neither good nor bad.
S0018,R0006,2023-09-20T08:48:59.379049,4,Very clear.
S0018,R0100,2023-09-21T15:25:08.891000,4,"Really helpful, thanks."
S0019,R0095,2023-09-23T22:05:58.741160,5,"Really helpful, thanks."
S0019,R0029,2023-09-26T15:26:07.897189,5,Well presented.
S0019,R0081,2023-09-04T15:13:38.785629,5,Excellent explanation!
S0019,R0131,2023-09-19T13:17:47.669421,4,Well presented.
S0019,R0013,2023-09-05T10:29:55.553640,5,Well presented.
S0019,R0120,2023-09-08T06:25:16.662185,5,Excellent explanation!
S0019,R0055,2023-09-19T14:07:38.097840,4,Well presented.
S0019,R0022,2023-09-25T10:24:03.178307,5,Very clear.
S0019,R0040,2023-09-07T02:43:21.476181,4,Perfect for my kinaesthetic style.
S0019,R0028,2023-09-15T00:07:46.536420,4,Very clear.
S0019,R0010,2023-09-15T01:02:19.631597,4,Loved this resource.
S0019,R0119,2023-09-11T17:53:45.520235,4,Great content on a topic I enjoy!
S0019,R0051,2023-09-02T11:13:16.619135,4,Excellent explanation!
S0019,R0127,2023-09-24T14:10:50.092039,3,Covered the basics.
S0020,R0124,2023-09-15T11:08:12.325361,3,Neither good nor bad.
S0020,R0040,2023-09-17T22:00:27.006991,5,"Really helpful, thanks."
S0020,R0101,2023-09-16T13:32:12.341418,5,Very clear.
S0020,R0082,2023-09-02T07:29:19.343687,5,Very clear.
S0020,R0058,2023-09-23T04:01:30.949810,4,Loved this resource.
S0020,R0010,2023-09-24T01:14:54.495431,3,Decent overview.
S0020,R0141,2023-09-02T03:05:02.833827,4,Excellent explanation!
S0020,R0054,2023-09-28T00:13:57.503744,4,Very clear.
S0020,R0097,2023-09-21T13:16:58.459005,4,Loved this resource.
S0020,R0064,2023-09-24T02:32:28.861783,3,Decent overview.
S0020,R0134,2023-09-17T18:37:05.286824,5,Great content on a topic I enjoy!
S0020,R0078,2023-09-05T06:51:06.814717,4,Loved this resource.
S0020,R0063,2023-09-13T18:57:46.231432,4,Excellent explanation!
S0020,R0081,2023-09-26T07:28:52.051451,4,Loved this resource.
S0021,R0035,2023-09-16T05:43:55.550548,4,Loved this resource.
S0021,R0121,2023-09-20T17:47:56.900904,4,Great content on a topic I enjoy!
S0021,R0101,2023-09-28T07:16:26.184878,4,"Really helpful, thanks."
S0021,R0027,2023-09-17T06:05:57.706096,4,Very clear.
S0021,R0080,2023-09-24T17:35:26.564103,4,Loved this resource.
S0022,R0024,2023-09-07T04:56:05.346318,4,Loved this resource.
S0022,R0039,2023-09-22T11:39:36.431191,3,Helped a little.
S0022,R0047,2023-09-14T16:47:35.229467,4,Perfect for my reading/writing style.
S0022,R0074,2023-09-12T19:12:27.310596,4,"Really helpful, thanks."
S0022,R0046,2023-09-10T07:31:57.794430,4,Very clear.
S0022,R0128,2023-09-27T11:36:28.400638,5,Excellent explanation!
S0022,R0067,2023-09-28T21:38:36.385937,5,Great content on a topic I enjoy!
S0023,R0060,2023-09-09T06:03:17.676128,3,Decent overview.
S0023,R0081,2023-09-14T13:44:32.838822,3,Helped a little.
S0023,R0057,2023-09-19T19:12:23.744670,2,Could be explained better.
S0023,R0138,2023-09-20T13:22:59.496120,4,Well presented.
S0023,R0058,2023-09-24T23:35:05.706212,4,Loved this resource.
S0023,R0103,2023-09-29T11:15:10.418179,3,Covered the basics.
S0023,R0087,2023-09-07T19:55:22.051020,3,Neither good nor bad.
S0023,R0091,2023-09-08T14:02:27.574683,3,It was okay.
S0023,R0071,2023-09-05T15:09:46.477290,2,Not very engaging.
S0024,R0090,2023-09-07T09:42:39.855666,4,Well presented.
S0024,R0089,2023-09-16T22:16:01.985295,5,Great content on a topic I enjoy!
S0024,R0080,2023-09-03T08:58:54.239899,5,Great content on a topic I enjoy!
S0024,R0130,2023-09-06T20:42:04.025379,4,Well presented.
S0024,R0018,2023-09-17T21:52:14.823102,5,Perfect for my visual style.
S0024,R0027,2023-09-17T08:28:55.865383,5,Loved this resource.
S0024,R0031,2023-09-03T02:49:42.780134,5,Well presented.
S0024,R0096,2023-09-01T22:05:14.892835,5,Loved this resource.
S0024,R0131,2023-09-11T21:26:57.449494,5,Loved this resource.
S0024,R0098,2023-09-04T10:34:07.263950,3,Decent overview.
S0024,R0073,2023-09-22T22:18:03.141871,3,It was okay.
S0024,R0003,2023-09-11T00:55:37.831985,4,Loved this resource.
S0024,R0040,2023-09-07T23:30:13.466605,5,Excellent explanation!
S0024,R0074,2023-09-22T11:24:59.726239,5,"Really helpful, thanks."
S0024,R0150,2023-09-29T19:27:52.110379,4,Well presented.
S0025,R0102,2023-09-09T18:01:40.968697,5,"Really helpful, thanks."
S0025,R0146,2023-09-26T12:16:51.125199,4,Well presented.
S0025,R0100,2023-09-20T11:15:15.830003,4,Perfect for my visual style.
S0025,R0076,2023-09-22T21:04:24.973240,3,Covered the basics.
S0025,R0088,2023-09-17T07:25:14.235285,4,Excellent explanation!
S0025,R0117,2023-09-10T13:51:46.956825,2,A bit confusing.
S0025,R0098,2023-09-08T18:50:57.354529,5,Excellent explanation!
S0025,R0033,2023-09-22T00:06:59.208974,3,Helped a little.
S0026,R0006,2023-09-28T18:05:08.711976,3,Decent overview.
S0026,R0060,2023-09-22T15:49:40.592314,4,Excellent explanation!
S0026,R0070,2023-09-27T12:55:40.857158,4,Loved this resource.
S0026,R0097,2023-09-19T19:30:36.189492,4,Well presented.
S0026,R0008,2023-09-03T20:37:52.785010,3,Neither good nor bad.
S0026,R0076,2023-09-02T07:49:04.626461,4,Loved this resource.
S0026,R0057,2023-09-17T19:05:00.515479,2,Didn't quite get it.
S0026,R0111,2023-09-17T12:34:24.603031,3,Neither good nor bad.
S0026,R0029,2023-09-08T11:05:57.923930,4,Very clear.
S0026,R0085,2023-09-22T06:00:34.117090,3,Covered the basics.
S0026,R0079,2023-09-27T14:09:43.110818,3,Covered the basics.
S0026,R0081,2023-09-28T09:51:03.331425,4,Excellent explanation!
S0026,R0063,2023-09-02T23:18:20.474637,3,Covered the basics.
S0027,R0028,2023-09-27T11:16:30.044984,4,Well presented.
S0027,R0043,2023-09-16T08:28:28.855926,3,It was okay.
S0027,R0138,2023-09-04T02:29:00.363737,4,"Really helpful, thanks."
S0027,R0103,2023-09-24T01:16:32.473668,4,Very clear.
S0027,R0014,2023-09-25T00:19:52.344424,5,Great content on a topic I enjoy!
S0027,R0051,2023-09-01T06:34:38.352602,4,Perfect for my visual style.
S0027,R0029,2023-09-26T22:46:28.861145,5,Excellent explanation!
S0028,R0014,2023-09-14T18:56:53.520724,4,Well presented.
S0028,R0060,2023-09-17T08:12:10.315359,3,Helped a little.
S0028,R0063,2023-09-18T00:34:37.662394,4,"Really helpful, thanks."
S0028,R0022,2023-09-25T04:55:00.443366,3,Helped a little.
S0028,R0010,2023-09-15T12:33:06.569063,3,It was okay.
S0029,R0060,2023-09-18T13:11:50.802964,3,Decent overview.
S0029,R0004,2023-09-19T09:20:58.457017,3,It was okay.
S0029,R0045,2023-09-13T12:33:58.214098,3,Neither good nor bad.
S0029,R0059,2023-09-24T03:26:47.043480,3,Decent overview.
S0029,R0067,2023-09-22T10:48:00.292060,3,Covered the basics.
S0029,R0087,2023-09-13T21:32:10.183335,2,Not very engaging.
S0029,R0030,2023-09-17T03:39:41.696734,2,Could be explained better.
S0029,R0064,2023-09-03T16:46:21.811008,2,Didn't quite get it.
S0029,R0025,2023-09-12T05:54:30.575979,3,Neither good nor bad.
S0029,R0020,2023-09-05T21:58:23.572886,3,Neither good nor bad.
S0030,R0048,2023-09-23T16:44:09.493509,4,Loved this resource.
S0030,R0121,2023-09-01T04:42:36.320832,3,Decent overview.
S0030,R0101,2023-09-29T06:03:39.103370,4,Great content on a topic I enjoy!
S0030,R0105,2023-09-29T02:13:57.915609,4,Loved this resource.
S0030,R0069,2023-09-12T09:28:58.261075,4,Great content on a topic I enjoy!
S0030,R0074,2023-09-01T18:44:01.001897,5,Well presented.
S0030,R0058,2023-09-24T18:00:00.127192,3,It was okay.
S0030,R0045,2023-09-20T02:25:45.933955,3,Decent overview.
S0030,R0088,2023-09-17T21:14:30.614548,3,Neither good nor bad.
S0031,R0122,2023-09-18T05:17:55.250070,5,Well presented.
S0031,R0020,2023-09-02T06:49:49.795303,3,Helped a little.
S0031,R0127,2023-09-01T07:20:28.499489,5,Excellent explanation!
S0031,R0063,2023-09-11T20:23:13.989092,4,Loved this resource.
S0031,R0060,2023-09-27T16:42:03.927928,3,Neither good nor bad.
S0031,R0111,2023-09-11T02:25:01.223250,4,Loved this resource.
S0031,R0025,2023-09-25T15:01:45.428162,3,It was okay.
S0031,R0079,2023-09-05T15:27:16.038021,5,Well presented.
S0031,R0104,2023-09-13T12:45:56.084007,4,Great content on a topic I enjoy!
S0031,R0094,2023-09-06T23:13:33.591503,4,"Really helpful, thanks."
S0031,R0015,2023-09-10T10:53:07.794502,5,Very clear.
S0031,R0139,2023-09-12T09:12:38.260718,5,Well presented.
S0031,R0039,2023-09-27T15:24:11.071957,5,Very clear.
S0032,R0102,2023-09-15T19:32:02.792987,3,Covered the basics.
S0032,R0059,2023-09-27T15:44:09.793368,4,Great content on a topic I enjoy!
S0032,R0100,2023-09-10T02:56:51.684734,3,Covered the basics.
S0032,R0086,2023-09-28T22:49:30.166438,4,Loved this resource.
S0032,R0065,2023-09-05T20:24:30.338100,5,Loved this resource.
S0032,R0088,2023-09-17T09:41:33.795547,3,Neither good nor bad.
S0032,R0054,2023-09-23T11:28:43.202616,3,Decent overview.
S0032,R0095,2023-09-16T20:15:42.765143,3,Neither good nor bad.
S0032,R0020,2023-09-26T00:05:27.381647,5,Very clear.
S0032,R0045,2023-09-11T04:02:20.635495,4,Great content on a topic I enjoy!
S0032,R0124,2023-09-24T08:35:11.700189,3,Covered the basics.
S0032,R0068,2023-09-09T09:22:33.374826,4,Very clear.
S0032,R0042,2023-09-27T15:27:46.884361,4,Loved this resource.
S0032,R0103,2023-09-21T15:07:50.933251,3,Covered the basics.
S0033,R0139,2023-09-11T21:07:11.784652,3,Neither good nor bad.
S0033,R0067,2023-09-14T04:28:05.418321,3,Decent overview.
S0033,R0111,2023-09-22T04:43:43.062568,4,Excellent explanation!
S0033,R0062,2023-09-07T07:36:34.685174,4,Loved this resource.
S0033,R0112,2023-09-10T19:04:39.316796,3,Decent overview.
S0033,R0070,2023-09-26T22:19:53.911181,3,Decent overview.
S0033,R0060,2023-09-01T11:19:54.556505,3,Neither good nor bad.
S0033,R0136,2023-09-06T20:48:48.497949,4,Loved this resource.
S0034,R0125,2023-09-19T23:35:35.603648,4,Excellent explanation!
S0034,R0026,2023-09-07T18:57:50.809223,4,Great content on a topic I enjoy!
S0034,R0030,2023-09-16T01:31:59.524418,3,Covered the basics.
S0034,R0087,2023-09-14T20:28:45.724946,5,"Really helpful, thanks."
S0034,R0070,2023-09-23T10:19:42.587835,3,Neither good nor bad.
S0034,R0020,2023-09-19T20:24:50.646088,3,Helped a little.
S0034,R0007,2023-09-25T22:32:02.101643,5,Loved this resource.
S0035,R0074,2023-09-10T02:53:40.390997,3,Neither good nor bad.
S0035,R0067,2023-09-23T14:09:46.361337,4,Very clear.
S0035,R0143,2023-09-09T13:41:50.163592,3,Neither good nor bad.
S0035,R0088,2023-09-16T07:41:14.656746,4,Excellent explanation!
S0035,R0097,2023-09-13T04:55:15.671423,3,Helped a little.
S0035,R0036,2023-09-01T09:36:00.807497,5,Excellent explanation!
S0036,R0140,2023-09-13T06:48:30.109246,4,Loved this resource.
S0036,R0080,2023-09-29T06:07:19.615839,4,"Really helpful, thanks."
S0036,R0013,2023-09-02T22:00:57.953521,5,Great content on a topic I enjoy!
S0036,R0132,2023-09-14T03:32:48.488060,3,It was okay.
S0036,R0101,2023-09-04T23:29:57.879559,4,Perfect for my visual style.
S0036,R0002,2023-09-11T18:49:16.046042,5,"Really helpful, thanks."
S0036,R0074,2023-09-16T04:36:09.112206,4,Very clear.
S0036,R0027,2023-09-05T20:08:58.017437,4,Well presented.
S0037,R0131,2023-09-01T08:33:08.995802,4,Great content on a topic I enjoy!
S0037,R0119,2023-09-17T00:47:38.014055,5,Excellent explanation!
S0037,R0055,2023-09-24T22:53:38.072056,4,Very clear.
S0037,R0142,2023-09-02T23:58:22.082483,5,Loved this resource.
S0037,R0027,2023-09-09T10:57:00.659148,4,"Really helpful, thanks."
S0037,R0022,2023-09-22T05:47:40.136534,4,"Really helpful, thanks."
S0037,R0034,2023-09-19T10:36:55.873084,3,Decent overview.
S0038,R0069,2023-09-16T08:45:03.183789,4,"Really helpful, thanks."
S0038,R0031,2023-09-27T17:12:25.144087,4,Excellent explanation!
S0038,R0127,2023-09-17T20:12:58.883954,5,Excellent explanation!
S0038,R0121,2023-09-07T20:47:35.258569,4,"Really helpful, thanks."
S0038,R0064,2023-09-07T18:35:36.289465,5,Very clear.
S0039,R0022,2023-09-04T12:01:57.968407,3,Neither good nor bad.
S0039,R0019,2023-09-24T10:05:14.804368,3,Covered the basics.
S0039,R0028,2023-09-08T04:45:36.998874,4,Perfect for my visual style.
S0039,R0006,2023-09-28T14:39:33.258058,5,Excellent explanation!
S0039,R0103,2023-09-01T08:19:19.266693,4,Excellent explanation!
S0039,R0118,2023-09-03T10:29:29.181346,4,Perfect for my visual style.
S0039,R0023,2023-09-03T16:01:01.677019,4,"Really helpful, thanks."
S0039,R0104,2023-09-13T13:28:36.618809,3,Helped a little.
S0040,R0023,2023-09-07T05:26:32.675118,3,Decent overview.
S0040,R0049,2023-09-18T19:25:05.441280,3,It was okay.
S0040,R0070,2023-09-14T21:24:19.898108,3,Helped a little.
S0040,R0094,2023-09-08T05:24:24.615271,3,Helped a little.
S0040,R0033,2023-09-14T21:51:37.330078,4,Very clear.
S0040,R0062,2023-09-08T20:13:23.651757,4,Loved this resource.
S0040,R0002,2023-09-02T16:46:46.186585,3,Decent overview.
S0040,R0007,2023-09-03T21:41:36.595551,4,"Really helpful, thanks."
S0040,R0027,2023-09-23T03:46:42.987747,4,Excellent explanation!
S0040,R0101,2023-09-28T02:54:12.234009,4,Very clear.
S0040,R0082,2023-09-27T12:07:48.298344,3,Decent overview.
S0041,R0080,2023-09-16T17:19:07.401571,3,Neither good nor bad.
S0041,R0015,2023-09-01T00:28:32.568539,3,Neither good nor bad.
S0041,R0082,2023-09-02T17:27:03.420505,3,Decent overview.
S0041,R0030,2023-09-21T10:21:30.436924,5,Very clear.
S0041,R0035,2023-09-28T12:17:26.513845,4,Perfect for my kinaesthetic style.
S0042,R0005,2023-09-23T19:44:46.635527,5,Well presented.
S0042,R0022,2023-09-22T03:15:58.843193,4,"Really helpful, thanks."
S0042,R0010,2023-09-18T11:15:45.045165,5,"Really helpful, thanks."
S0042,R0028,2023-09-22T14:45:32.242892,4,Very clear.
S0042,R0011,2023-09-19T12:48:55.694814,5,Perfect for my reading/writing style.
S0042,R0006,2023-09-23T19:45:57.327261,3,Decent overview.
S0042,R0145,2023-09-26T15:38:53.485155,3,Covered the basics.
S0042,R0014,2023-09-19T21:04:29.337337,4,Well presented.
S0042,R0149,2023-09-08T13:44:41.590132,4,Very clear.
S0042,R0055,2023-09-10T19:12:48.983892,4,Excellent explanation!
S0042,R0058,2023-09-05T13:20:39.224480,5,Loved this resource.
S0042,R0103,2023-09-08T16:37:27.406083,5,Well presented.
S0042,R0114,2023-09-02T13:56:07.356432,4,"Really helpful, thanks."
S0042,R0092,2023-09-01T17:54:43.351709,5,Excellent explanation!
S0042,R0044,2023-09-15T04:24:40.972450,4,Loved this resource.
S0043,R0028,2023-09-02T07:03:12.166523,4,Loved this resource.
S0043,R0055,2023-09-20T08:33:28.971208,4,Great content on a topic I enjoy!
S0043,R0084,2023-09-25T09:11:41.380208,4,Excellent explanation!
S0043,R0093,2023-09-14T19:28:42.771478,5,"Really helpful, thanks."
S0043,R0095,2023-09-05T06:37:24.841890,4,Well presented.
S0043,R0058,2023-09-04T15:49:31.638189,4,"Really helpful, thanks."
S0043,R0118,2023-09-10T06:32:44.319042,5,Very clear.
S0043,R0121,2023-09-25T20:12:37.547027,3,Decent overview.
S0043,R0119,2023-09-22T23:49:50.383016,3,Helped a little.
S0043,R0082,2023-09-26T11:00:50.110691,4,Very clear.
S0043,R0057,2023-09-18T22:17:53.390641,3,Covered the basics.
S0043,R0138,2023-09-22T15:02:30.748589,5,Excellent explanation!
S0043,R0040,2023-09-09T03:07:16.574219,3,Decent overview.
S0043,R0149,2023-09-08T19:30:58.704416,4,Very clear.
S0043,R0051,2023-09-23T00:36:26.400519,5,Loved this resource.
S0044,R0088,2023-09-23T15:14:21.966075,4,"Really helpful, thanks."
S0044,R0132,2023-09-08T05:38:42.798774,4,Excellent explanation!
S0044,R0047,2023-09-27T18:27:33.132915,5,Perfect for my mixed style.
S0044,R0125,2023-09-18T00:28:07.150447,5,Loved this resource.
S0044,R0009,2023-09-01T19:06:19.947488,5,Very clear.
S0044,R0146,2023-09-19T21:30:17.221204,5,Very clear.
S0044,R0064,2023-09-07T11:44:38.191486,5,Excellent explanation!
S0044,R0027,2023-09-07T07:52:24.605885,4,Very clear.
S0044,R0098,2023-09-29T00:40:25.954706,4,Perfect for my mixed style.
S0044,R0021,2023-09-02T20:25:50.122245,4,Loved this resource.
S0045,R0025,2023-09-28T14:43:21.746958,4,Perfect for my kinaesthetic style.
S0045,R0137,2023-09-27T02:10:55.859314,3,Covered the basics.
S0045,R0085,2023-09-21T22:00:47.179888,3,Covered the basics.
S0045,R0004,2023-09-12T17:36:02.990380,4,Loved this resource.
S0045,R0023,2023-09-10T22:50:39.359567,4,"Really helpful, thanks."
S0045,R0111,2023-09-27T06:56:32.812193,4,Loved this resource.
S0045,R0019,2023-09-06T06:04:14.005314,4,Well presented.
S0045,R0094,2023-09-17T05:05:09.717545,2,More examples would be good.
S0045,R0022,2023-09-07T10:41:18.398447,4,Excellent explanation!
S0046,R0036,2023-09-17T23:33:25.933910,4,Very clear.
S0046,R0149,2023-09-03T01:33:58.151640,4,Well presented.
S0046,R0114,2023-09-26T06:06:39.621102,4,Excellent explanation!
S0046,R0097,2023-09-05T03:41:02.436002,5,Loved this resource.
S0046,R0051,2023-09-02T16:22:38.846657,4,Great content on a topic I enjoy!
S0046,R0103,2023-09-04T18:03:59.567283,4,Excellent explanation!
S0046,R0014,2023-09-06T18:47:32.347877,4,Well presented.
S0046,R0120,2023-09-19T04:10:26.768480,4,Excellent explanation!
S0047,R0096,2023-09-02T21:26:23.163501,4,"Really helpful, thanks."
S0047,R0094,2023-09-29T20:50:55.670065,4,Great content on a topic I enjoy!
S0047,R0135,2023-09-01T13:18:38.931314,4,Loved this resource.
S0047,R0112,2023-09-21T14:55:57.441744,4,Very clear.
S0047,R0091,2023-09-20T04:43:51.821123,5,Excellent explanation!
S0047,R0043,2023-09-08T07:54:21.067115,4,Well presented.
S0047,R0074,2023-09-19T01:28:02.109552,4,Very clear.
S0047,R0030,2023-09-15T10:25:34.996737,4,Excellent explanation!
S0048,R0063,2023-09-02T03:25:34.941034,4,"Really helpful, thanks."
S0048,R0019,2023-09-25T05:19:17.713284,4,Excellent explanation!
S0048,R0074,2023-09-27T05:43:35.224442,3,It was okay.
S0048,R0050,2023-09-25T17:09:54.306982,4,Excellent explanation!
S0048,R0047,2023-09-01T06:43:54.984353,4,Excellent explanation!
S0048,R0091,2023-09-03T16:41:38.815960,4,Great content on a topic I enjoy!
S0048,R0051,2023-09-25T05:39:10.830150,4,Very clear.
S0048,R0003,2023-09-04T06:41:14.507660,4,"Really helpful, thanks."
S0048,R0060,2023-09-20T16:09:41.842186,4,Well presented.
S0048,R0021,2023-09-29T05:31:02.740213,4,Great content on a topic I enjoy!
S0048,R0067,2023-09-10T02:42:34.594676,4,Great content on a topic I enjoy!
S0048,R0140,2023-09-16T01:17:36.155743,3,Decent overview.
S0048,R0104,2023-09-20T14:42:06.176076,5,Great content on a topic I enjoy!
S0048,R0124,2023-09-14T14:37:30.359655,4,Great content on a topic I enjoy!
S0049,R0051,2023-09-29T03:13:15.434232,3,Decent overview.
S0049,R0063,2023-09-24T16:42:14.042812,3,Neither good nor bad.
S0049,R0145,2023-09-25T20:11:09.960100,3,It was okay.
S0049,R0086,2023-09-03T23:26:23.106301,3,It was okay.
S0049,R0142,2023-09-23T23:04:52.199328,3,It was okay.
S0049,R0001,2023-09-19T23:35:55.696410,3,Covered the basics.
S0049,R0073,2023-09-25T11:38:41.776672,3,Covered the basics.
S0049,R0085,2023-09-21T18:16:32.866309,4,Very clear.
S0049,R0024,2023-09-11T07:10:36.224742,3,Decent overview.
S0049,R0126,2023-09-27T00:13:35.308560,3,It was okay.
S0049,R0089,2023-09-04T02:26:42.748230,4,Loved this resource.
S0049,R0071,2023-09-07T06:03:01.062147,3,Neither good nor bad.
S0050,R0094,2023-09-23T09:24:46.947065,4,Excellent explanation!
S0050,R0060,2023-09-28T02:58:28.428452,4,Well presented.
S0050,R0054,2023-09-06T00:51:38.116970,4,Well presented.
S0050,R0063,2023-09-13T03:23:26.387161,4,Loved this resource.
S0050,R0112,2023-09-24T08:08:18.939286,5,Loved this resource.
S0050,R0032,2023-09-22T08:49:32.805417,5,Perfect for my audio style.
S0050,R0143,2023-09-04T20:20:22.283158,4,Great content on a topic I enjoy!
