studentId,topicId,timestamp,interactionType
S0001,HIS024,2025-01-07T22:14:54.555166,initial_post
S0005,TRK040,2024-10-12T07:15:53.901426,initial_post
S0006,BIO009,2024-10-04T20:56:26.234466,initial_post
S0010,BIO010,2024-10-14T21:00:55.621114,initial_reply
S0012,GEO030,2024-10-10T12:05:06.111010,initial_reply
S0013,MAT018,2024-11-22T21:56:02.449853,initial_post
S0015,GEO029,2024-12-21T04:02:21.420437,initial_reply
S0018,BIO010,2024-10-28T14:51:19.599215,initial_reply
S0022,BIO009,2024-09-10T21:16:11.579894,initial_post
S0022,MAT019,2024-12-11T16:02:04.581440,initial_post
S0023,TRK037,2024-11-30T02:16:38.323671,initial_post
S0027,PHY001,2024-11-26T14:18:54.421706,initial_post
S0028,BIO006,2024-12-28T08:44:18.539001,initial_post
S0030,HIS021,2024-11-30T12:38:31.359561,initial_post
S0032,PHY001,2025-01-08T10:05:30.329766,initial_post
S0033,MAT016,2024-10-23T10:34:30.709424,initial_post
S0034,LIT031,2024-09-19T07:21:52.779317,initial_post
S0037,HIS021,2024-11-19T00:29:52.999084,initial_post
S0037,HIS025,2025-01-18T05:38:54.046235,initial_reply
S0040,MAT016,2025-01-26T03:56:41.907914,initial_post
S0045,BIO006,2024-10-04T07:53:57.731087,initial_post
S0047,PHY001,2025-01-03T02:42:37.004214,initial_reply
S0048,CHM013,2025-01-01T01:25:42.268479,initial_reply
S0048,CHM014,2024-11-21T12:42:19.222149,initial_post
S0051,TRK040,2024-12-14T18:18:50.024172,initial_post
S0057,BIO009,2024-12-25T13:47:39.858082,initial_post
S0057,BIO006,2024-09-23T09:16:49.272540,initial_reply
S0061,PHY003,2025-01-19T18:47:25.925033,initial_post
S0062,LIT033,2024-12-24T12:46:53.781967,initial_post
S0062,CHM011,2025-01-15T09:31:54.067268,initial_post
S0064,PHY002,2024-11-11T18:36:42.220875,initial_reply
S0072,MAT019,2024-09-14T21:11:42.749012,initial_post
S0074,LIT031,2024-11-15T03:40:11.255142,initial_post
S0074,CHM015,2024-12-16T20:21:46.379080,initial_reply
S0074,LIT033,2025-01-23T01:51:32.305091,initial_reply
S0075,MAT019,2024-09-09T11:08:28.816764,initial_post
S0076,PHY005,2024-09-28T02:11:31.886446,initial_post
S0080,MAT019,2024-12-04T17:21:12.263795,initial_reply
S0080,MAT017,2024-11-04T07:28:11.154039,initial_reply
S0085,TRK039,2024-12-21T12:18:20.925651,initial_reply
S0087,LIT032,2024-12-06T11:01:58.594672,initial_reply
S0090,MAT020,2025-01-02T00:00:59.647978,initial_post
S0090,MAT017,2024-11-13T02:56:23.059946,initial_reply
S0094,PHY003,2024-09-27T16:58:25.978955,initial_reply
S0095,GEO026,2024-12-09T07:45:01.650547,initial_reply
S0101,TRK040,2024-10-01T05:04:22.630452,initial_reply
S0101,LIT033,2024-09-04T11:14:37.043546,initial_post
S0101,TRK040,2024-11-19T09:38:08.973597,initial_reply
S0102,HIS023,2024-09-21T02:44:04.877335,initial_reply
S0107,MAT018,2024-12-21T19:37:50.138604,initial_reply
S0110,GEO028,2024-10-31T08:26:30.008183,initial_reply
S0110,BIO006,2024-11-27T00:53:08.691419,initial_post
S0112,CHM015,2024-09-16T22:00:35.163046,initial_post
S0113,LIT032,2024-10-13T05:55:31.508473,initial_post
S0114,TRK039,2024-10-21T12:12:08.493261,initial_post
S0114,TRK040,2024-12-08T07:05:16.108080,initial_post
S0119,HIS021,2024-11-19T17:06:57.471408,initial_reply
S0119,BIO010,2024-09-09T20:00:37.651993,initial_reply
S0120,PHY004,2025-01-01T17:01:14.998746,initial_reply
S0121,TRK038,2024-12-22T05:09:19.690753,initial_reply
S0122,HIS023,2025-01-27T14:58:15.821922,initial_reply
S0123,GEO029,2024-09-30T09:15:35.631242,initial_post
S0127,TRK040,2024-10-25T00:58:52.583556,initial_post
S0130,CHM012,2024-10-04T03:33:47.694093,initial_post
S0131,PHY002,2024-11-06T16:40:44.776420,initial_reply
S0131,TRK040,2024-10-01T05:54:39.985255,initial_post
S0136,CHM011,2024-10-27T23:40:53.059424,initial_post
S0137,CHM011,2024-09-03T04:45:55.119119,initial_post
S0137,GEO030,2024-11-17T09:18:01.312991,initial_reply
S0138,TRK037,2025-01-12T16:54:26.003396,initial_reply
S0140,BIO010,2025-01-06T21:17:30.768898,initial_reply
S0141,LIT033,2024-10-28T14:15:48.907745,initial_post
S0142,LIT034,2024-11-15T14:32:09.983895,initial_reply
S0144,MAT020,2024-09-26T10:16:36.693168,initial_reply
S0148,CHM012,2024-10-25T09:23:06.498141,initial_post
S0150,LIT032,2024-09-10T08:16:15.637071,initial_post
S0151,CHM012,2025-01-07T16:57:35.926034,initial_reply
S0153,MAT016,2024-10-07T08:51:36.165851,initial_reply
S0155,TRK037,2025-01-21T19:33:34.587087,initial_reply
S0166,LIT035,2024-11-30T11:19:58.339574,initial_post
S0170,TRK039,2025-01-03T19:27:41.715847,initial_post
S0171,GEO026,2024-09-07T17:21:42.018194,initial_reply
S0171,BIO006,2024-10-04T20:54:33.799154,initial_post
S0174,PHY001,2025-01-29T01:54:46.265084,initial_post
S0175,TRK038,2025-01-04T11:47:25.461905,initial_reply
S0178,CHM014,2024-09-15T01:47:47.144625,initial_reply
S0183,BIO008,2024-12-22T14:26:38.870051,initial_post
S0186,CHM012,2025-01-16T06:25:48.000196,initial_post
S0189,CHM011,2024-12-26T06:35:48.504516,initial_post
S0190,MAT020,2025-01-27T16:54:26.535426,initial_post
S0191,MAT020,2024-09-21T22:09:34.682283,initial_post
S0200,HIS022,2025-01-26T18:34:55.465895,initial_post
S0207,PHY004,2025-01-07T15:45:39.641975,initial_post
S0207,TRK040,2024-12-23T05:45:51.228264,initial_reply
S0209,LIT032,2024-09-22T05:23:55.815166,initial_post
S0210,TRK040,2024-10-22T01:04:33.452904,initial_reply
S0212,HIS021,2024-11-16T15:33:28.288129,initial_reply
S0212,HIS022,2024-12-28T01:19:29.857381,initial_post
S0215,LIT031,2025-01-05T06:50:33.169046,initial_reply
S0216,LIT032,2024-10-28T18:29:58.441798,initial_reply
S0216,TRK036,2024-12-25T05:05:55.073094,initial_post
S0216,TRK036,2024-12-19T14:14:58.153920,initial_reply
S0217,PHY003,2024-10-25T04:00:52.246542,initial_post
S0217,PHY002,2024-12-18T07:42:15.455545,initial_post
S0218,TRK040,2025-01-06T14:01:46.507611,initial_reply
S0218,GEO026,2024-10-06T10:32:29.117395,initial_post
S0218,HIS021,2024-12-01T15:38:50.874189,initial_reply
S0218,HIS021,2024-10-26T14:43:34.083955,initial_reply
S0218,PHY001,2024-12-01T23:09:15.267005,initial_reply
S0222,BIO007,2024-11-18T04:03:49.583890,initial_reply
S0223,GEO027,2025-01-15T06:48:34.848162,initial_post
S0225,HIS021,2024-09-11T03:45:17.398800,initial_post
S0226,BIO007,2024-10-28T06:10:39.999508,initial_reply
S0227,HIS024,2024-09-04T00:34:58.168960,initial_post
S0233,GEO029,2024-09-18T18:07:18.479220,initial_reply
S0235,BIO007,2024-10-06T00:09:20.433638,initial_post
S0237,PHY005,2024-10-17T20:51:21.207302,initial_post
S0244,GEO027,2024-09-25T01:24:40.359683,initial_post
S0246,PHY005,2025-01-23T17:39:00.682402,initial_reply
S0247,CHM014,2025-01-22T04:16:52.347904,initial_reply
S0247,CHM014,2025-01-10T01:15:27.728204,initial_reply
S0248,TRK036,2024-10-20T07:33:23.906223,initial_post
S0249,LIT035,2024-10-02T06:39:43.553727,initial_reply
S0250,HIS024,2025-01-04T07:26:07.696737,initial_reply
